{"mse": 2.0761711821183513e-07, "mae": 0.00021715319988944426}